{
  "HTTP Request - GET todos/3" : {
    "transaction" : "HTTP Request - GET todos/3",
    "sampleCount" : 2000,
    "errorCount" : 0,
    "errorPct" : 0.0,
    "meanResTime" : 14.572999999999988,
    "medianResTime" : 14.0,
    "minResTime" : 10.0,
    "maxResTime" : 58.0,
    "pct1ResTime" : 19.0,
    "pct2ResTime" : 21.0,
    "pct3ResTime" : 29.0,
    "throughput" : 187.16077110237694,
    "receivedKBytesPerSec" : 260.0400604470803,
    "sentKBytesPerSec" : 31.071612390043047
  },
  "HTTP Request - GET todos/2" : {
    "transaction" : "HTTP Request - GET todos/2",
    "sampleCount" : 2000,
    "errorCount" : 0,
    "errorPct" : 0.0,
    "meanResTime" : 14.800000000000006,
    "medianResTime" : 14.0,
    "minResTime" : 10.0,
    "maxResTime" : 63.0,
    "pct1ResTime" : 18.0,
    "pct2ResTime" : 20.0,
    "pct3ResTime" : 27.0,
    "throughput" : 187.125748502994,
    "receivedKBytesPerSec" : 262.7272006280408,
    "sentKBytesPerSec" : 31.065798091317365
  },
  "HTTP Request - GET todos/1" : {
    "transaction" : "HTTP Request - GET todos/1",
    "sampleCount" : 2000,
    "errorCount" : 0,
    "errorPct" : 0.0,
    "meanResTime" : 16.722000000000016,
    "medianResTime" : 14.0,
    "minResTime" : 10.0,
    "maxResTime" : 1089.0,
    "pct1ResTime" : 19.0,
    "pct2ResTime" : 22.0,
    "pct3ResTime" : 31.0,
    "throughput" : 169.98130205677376,
    "receivedKBytesPerSec" : 235.00122506055584,
    "sentKBytesPerSec" : 28.21955209926908
  },
  "Total" : {
    "transaction" : "Total",
    "sampleCount" : 6000,
    "errorCount" : 0,
    "errorPct" : 0.0,
    "meanResTime" : 15.364999999999968,
    "medianResTime" : 14.0,
    "minResTime" : 10.0,
    "maxResTime" : 1089.0,
    "pct1ResTime" : 19.0,
    "pct2ResTime" : 21.0,
    "pct3ResTime" : 29.0,
    "throughput" : 508.6901229334464,
    "receivedKBytesPerSec" : 708.0831556008902,
    "sentKBytesPerSec" : 84.45050869012293
  }
}