{
  "HTTP Request - GET todos/3" : {
    "transaction" : "HTTP Request - GET todos/3",
    "sampleCount" : 2000,
    "errorCount" : 0,
    "errorPct" : 0.0,
    "meanResTime" : 14.317499999999981,
    "medianResTime" : 13.0,
    "minResTime" : 8.0,
    "maxResTime" : 94.0,
    "pct1ResTime" : 19.0,
    "pct2ResTime" : 23.0,
    "pct3ResTime" : 32.99000000000001,
    "throughput" : 192.58545979778526,
    "receivedKBytesPerSec" : 266.76866423928743,
    "sentKBytesPerSec" : 31.972195474241694
  },
  "HTTP Request - GET todos/2" : {
    "transaction" : "HTTP Request - GET todos/2",
    "sampleCount" : 2000,
    "errorCount" : 0,
    "errorPct" : 0.0,
    "meanResTime" : 13.79,
    "medianResTime" : 13.0,
    "minResTime" : 7.0,
    "maxResTime" : 45.0,
    "pct1ResTime" : 19.0,
    "pct2ResTime" : 22.0,
    "pct3ResTime" : 30.99000000000001,
    "throughput" : 192.62255610131945,
    "receivedKBytesPerSec" : 269.8247924792931,
    "sentKBytesPerSec" : 31.978354040258118
  },
  "HTTP Request - GET todos/1" : {
    "transaction" : "HTTP Request - GET todos/1",
    "sampleCount" : 2000,
    "errorCount" : 0,
    "errorPct" : 0.0,
    "meanResTime" : 16.313500000000012,
    "medianResTime" : 13.0,
    "minResTime" : 7.0,
    "maxResTime" : 1120.0,
    "pct1ResTime" : 19.0,
    "pct2ResTime" : 23.0,
    "pct3ResTime" : 33.99000000000001,
    "throughput" : 174.06440382941688,
    "receivedKBytesPerSec" : 243.14442925913838,
    "sentKBytesPerSec" : 28.897410791993035
  },
  "Total" : {
    "transaction" : "Total",
    "sampleCount" : 6000,
    "errorCount" : 0,
    "errorPct" : 0.0,
    "meanResTime" : 14.806999999999961,
    "medianResTime" : 13.0,
    "minResTime" : 7.0,
    "maxResTime" : 1120.0,
    "pct1ResTime" : 19.0,
    "pct2ResTime" : 22.0,
    "pct3ResTime" : 32.0,
    "throughput" : 520.7881260307265,
    "receivedKBytesPerSec" : 726.1273232032809,
    "sentKBytesPerSec" : 86.45896623556982
  }
}