{
  "HTTP Request - GET todos/3" : {
    "transaction" : "HTTP Request - GET todos/3",
    "sampleCount" : 2000,
    "errorCount" : 0,
    "errorPct" : 0.0,
    "meanResTime" : 17.126500000000007,
    "medianResTime" : 16.0,
    "minResTime" : 10.0,
    "maxResTime" : 51.0,
    "pct1ResTime" : 23.0,
    "pct2ResTime" : 26.0,
    "pct3ResTime" : 34.0,
    "throughput" : 167.07042018210677,
    "receivedKBytesPerSec" : 232.11612307869018,
    "sentKBytesPerSec" : 27.73630022554507
  },
  "HTTP Request - GET todos/2" : {
    "transaction" : "HTTP Request - GET todos/2",
    "sampleCount" : 2000,
    "errorCount" : 0,
    "errorPct" : 0.0,
    "meanResTime" : 17.72449999999997,
    "medianResTime" : 16.0,
    "minResTime" : 11.0,
    "maxResTime" : 188.0,
    "pct1ResTime" : 23.0,
    "pct2ResTime" : 27.0,
    "pct3ResTime" : 38.99000000000001,
    "throughput" : 167.04251231938528,
    "receivedKBytesPerSec" : 234.51912310511148,
    "sentKBytesPerSec" : 27.731667084272946
  },
  "HTTP Request - GET todos/1" : {
    "transaction" : "HTTP Request - GET todos/1",
    "sampleCount" : 2000,
    "errorCount" : 0,
    "errorPct" : 0.0,
    "meanResTime" : 18.843500000000002,
    "medianResTime" : 16.0,
    "minResTime" : 11.0,
    "maxResTime" : 1020.0,
    "pct1ResTime" : 22.0,
    "pct2ResTime" : 26.0,
    "pct3ResTime" : 37.0,
    "throughput" : 154.13070283600493,
    "receivedKBytesPerSec" : 213.37868047260326,
    "sentKBytesPerSec" : 25.58810496300863
  },
  "Total" : {
    "transaction" : "Total",
    "sampleCount" : 6000,
    "errorCount" : 0,
    "errorPct" : 0.0,
    "meanResTime" : 17.89816666666663,
    "medianResTime" : 16.0,
    "minResTime" : 10.0,
    "maxResTime" : 1020.0,
    "pct1ResTime" : 23.0,
    "pct2ResTime" : 26.0,
    "pct3ResTime" : 36.0,
    "throughput" : 461.0773841543072,
    "receivedKBytesPerSec" : 642.0780241393222,
    "sentKBytesPerSec" : 76.54605010374242
  }
}