{
  "HTTP Request - GET todos/3" : {
    "transaction" : "HTTP Request - GET todos/3",
    "sampleCount" : 2000,
    "errorCount" : 0,
    "errorPct" : 0.0,
    "meanResTime" : 15.633500000000003,
    "medianResTime" : 15.0,
    "minResTime" : 10.0,
    "maxResTime" : 51.0,
    "pct1ResTime" : 20.0,
    "pct2ResTime" : 23.0,
    "pct3ResTime" : 30.0,
    "throughput" : 186.46280067126608,
    "receivedKBytesPerSec" : 258.98581353137234,
    "sentKBytesPerSec" : 30.955738392690655
  },
  "HTTP Request - GET todos/2" : {
    "transaction" : "HTTP Request - GET todos/2",
    "sampleCount" : 2000,
    "errorCount" : 0,
    "errorPct" : 0.0,
    "meanResTime" : 16.066500000000016,
    "medianResTime" : 15.0,
    "minResTime" : 10.0,
    "maxResTime" : 82.0,
    "pct1ResTime" : 20.0,
    "pct2ResTime" : 23.0,
    "pct3ResTime" : 32.99000000000001,
    "throughput" : 186.4454181038501,
    "receivedKBytesPerSec" : 261.68734195837607,
    "sentKBytesPerSec" : 30.952852614896987
  },
  "HTTP Request - GET todos/1" : {
    "transaction" : "HTTP Request - GET todos/1",
    "sampleCount" : 2000,
    "errorCount" : 0,
    "errorPct" : 0.0,
    "meanResTime" : 17.256499999999996,
    "medianResTime" : 15.0,
    "minResTime" : 10.0,
    "maxResTime" : 1009.0,
    "pct1ResTime" : 19.0,
    "pct2ResTime" : 23.0,
    "pct3ResTime" : 33.99000000000001,
    "throughput" : 170.83796019475528,
    "receivedKBytesPerSec" : 236.4412384150508,
    "sentKBytesPerSec" : 28.361770735457416
  },
  "Total" : {
    "transaction" : "Total",
    "sampleCount" : 6000,
    "errorCount" : 0,
    "errorPct" : 0.0,
    "meanResTime" : 16.318833333333362,
    "medianResTime" : 15.0,
    "minResTime" : 10.0,
    "maxResTime" : 1009.0,
    "pct1ResTime" : 20.0,
    "pct2ResTime" : 23.0,
    "pct3ResTime" : 32.0,
    "throughput" : 510.89918256130795,
    "receivedKBytesPerSec" : 711.2584750723775,
    "sentKBytesPerSec" : 84.81724710490464
  }
}