{
  "HTTP Request - GET todos/3" : {
    "transaction" : "HTTP Request - GET todos/3",
    "sampleCount" : 2000,
    "errorCount" : 0,
    "errorPct" : 0.0,
    "meanResTime" : 14.412999999999988,
    "medianResTime" : 13.0,
    "minResTime" : 7.0,
    "maxResTime" : 96.0,
    "pct1ResTime" : 19.0,
    "pct2ResTime" : 23.0,
    "pct3ResTime" : 33.0,
    "throughput" : 188.0936706479827,
    "receivedKBytesPerSec" : 261.31381592095363,
    "sentKBytesPerSec" : 31.226488291169005
  },
  "HTTP Request - GET todos/2" : {
    "transaction" : "HTTP Request - GET todos/2",
    "sampleCount" : 2000,
    "errorCount" : 0,
    "errorPct" : 0.0,
    "meanResTime" : 13.955999999999973,
    "medianResTime" : 13.0,
    "minResTime" : 8.0,
    "maxResTime" : 87.0,
    "pct1ResTime" : 19.0,
    "pct2ResTime" : 22.0,
    "pct3ResTime" : 31.0,
    "throughput" : 188.11136192626034,
    "receivedKBytesPerSec" : 263.53676180986645,
    "sentKBytesPerSec" : 31.229425319789318
  },
  "HTTP Request - GET todos/1" : {
    "transaction" : "HTTP Request - GET todos/1",
    "sampleCount" : 2000,
    "errorCount" : 0,
    "errorPct" : 0.0,
    "meanResTime" : 14.988999999999988,
    "medianResTime" : 14.0,
    "minResTime" : 7.0,
    "maxResTime" : 447.0,
    "pct1ResTime" : 20.0,
    "pct2ResTime" : 23.0,
    "pct3ResTime" : 32.99000000000001,
    "throughput" : 180.7337791433219,
    "receivedKBytesPerSec" : 252.49267886996202,
    "sentKBytesPerSec" : 30.004631303090544
  },
  "Total" : {
    "transaction" : "Total",
    "sampleCount" : 6000,
    "errorCount" : 0,
    "errorPct" : 0.0,
    "meanResTime" : 14.452666666666678,
    "medianResTime" : 13.0,
    "minResTime" : 7.0,
    "maxResTime" : 447.0,
    "pct1ResTime" : 19.0,
    "pct2ResTime" : 23.0,
    "pct3ResTime" : 32.0,
    "throughput" : 540.7354001441961,
    "receivedKBytesPerSec" : 754.7365393497656,
    "sentKBytesPerSec" : 89.7705254145638
  }
}