{
  "HTTP Request - GET todos/3" : {
    "transaction" : "HTTP Request - GET todos/3",
    "sampleCount" : 2000,
    "errorCount" : 0,
    "errorPct" : 0.0,
    "meanResTime" : 20.45900000000001,
    "medianResTime" : 19.0,
    "minResTime" : 14.0,
    "maxResTime" : 85.0,
    "pct1ResTime" : 26.0,
    "pct2ResTime" : 29.0,
    "pct3ResTime" : 40.0,
    "throughput" : 135.78654355353385,
    "receivedKBytesPerSec" : 188.66240707108426,
    "sentKBytesPerSec" : 22.542687894629644
  },
  "HTTP Request - GET todos/2" : {
    "transaction" : "HTTP Request - GET todos/2",
    "sampleCount" : 2000,
    "errorCount" : 0,
    "errorPct" : 0.0,
    "meanResTime" : 21.307999999999982,
    "medianResTime" : 20.0,
    "minResTime" : 15.0,
    "maxResTime" : 161.0,
    "pct1ResTime" : 27.0,
    "pct2ResTime" : 31.0,
    "pct3ResTime" : 41.99000000000001,
    "throughput" : 135.7496775945157,
    "receivedKBytesPerSec" : 190.0643962533089,
    "sentKBytesPerSec" : 22.53656756940202
  },
  "HTTP Request - GET todos/1" : {
    "transaction" : "HTTP Request - GET todos/1",
    "sampleCount" : 2000,
    "errorCount" : 0,
    "errorPct" : 0.0,
    "meanResTime" : 21.130999999999982,
    "medianResTime" : 20.0,
    "minResTime" : 14.0,
    "maxResTime" : 379.0,
    "pct1ResTime" : 27.0,
    "pct2ResTime" : 30.0,
    "pct3ResTime" : 45.0,
    "throughput" : 132.51176041873717,
    "receivedKBytesPerSec" : 185.52914637580335,
    "sentKBytesPerSec" : 21.999022725766913
  },
  "Total" : {
    "transaction" : "Total",
    "sampleCount" : 6000,
    "errorCount" : 0,
    "errorPct" : 0.0,
    "meanResTime" : 20.966,
    "medianResTime" : 20.0,
    "minResTime" : 14.0,
    "maxResTime" : 379.0,
    "pct1ResTime" : 27.0,
    "pct2ResTime" : 30.0,
    "pct3ResTime" : 41.98999999999978,
    "throughput" : 396.4845040639662,
    "receivedKBytesPerSec" : 553.7050650895394,
    "sentKBytesPerSec" : 65.82262274499439
  }
}