{
  "HTTP Request - GET todos/3" : {
    "transaction" : "HTTP Request - GET todos/3",
    "sampleCount" : 2000,
    "errorCount" : 0,
    "errorPct" : 0.0,
    "meanResTime" : 21.659499999999987,
    "medianResTime" : 20.0,
    "minResTime" : 14.0,
    "maxResTime" : 85.0,
    "pct1ResTime" : 28.0,
    "pct2ResTime" : 32.0,
    "pct3ResTime" : 44.0,
    "throughput" : 134.38150910434723,
    "receivedKBytesPerSec" : 186.751124920211,
    "sentKBytesPerSec" : 22.3094302224014
  },
  "HTTP Request - GET todos/2" : {
    "transaction" : "HTTP Request - GET todos/2",
    "sampleCount" : 2000,
    "errorCount" : 0,
    "errorPct" : 0.0,
    "meanResTime" : 21.730000000000036,
    "medianResTime" : 20.0,
    "minResTime" : 14.0,
    "maxResTime" : 107.0,
    "pct1ResTime" : 27.0,
    "pct2ResTime" : 31.0,
    "pct3ResTime" : 42.99000000000001,
    "throughput" : 134.390538906061,
    "receivedKBytesPerSec" : 188.07188161453433,
    "sentKBytesPerSec" : 22.310929310576537
  },
  "HTTP Request - GET todos/1" : {
    "transaction" : "HTTP Request - GET todos/1",
    "sampleCount" : 2000,
    "errorCount" : 0,
    "errorPct" : 0.0,
    "meanResTime" : 22.50700000000004,
    "medianResTime" : 21.0,
    "minResTime" : 15.0,
    "maxResTime" : 431.0,
    "pct1ResTime" : 28.0,
    "pct2ResTime" : 32.0,
    "pct3ResTime" : 48.98000000000002,
    "throughput" : 130.80444735120994,
    "receivedKBytesPerSec" : 183.0500301463375,
    "sentKBytesPerSec" : 21.715582079790714
  },
  "Total" : {
    "transaction" : "Total",
    "sampleCount" : 6000,
    "errorCount" : 0,
    "errorPct" : 0.0,
    "meanResTime" : 21.965499999999935,
    "medianResTime" : 20.0,
    "minResTime" : 14.0,
    "maxResTime" : 431.0,
    "pct1ResTime" : 28.0,
    "pct2ResTime" : 31.0,
    "pct3ResTime" : 44.98999999999978,
    "throughput" : 391.23630672926447,
    "receivedKBytesPerSec" : 546.2400688127608,
    "sentKBytesPerSec" : 64.95133998435054
  }
}