{
  "HTTP Request - GET todos/3" : {
    "transaction" : "HTTP Request - GET todos/3",
    "sampleCount" : 2000,
    "errorCount" : 0,
    "errorPct" : 0.0,
    "meanResTime" : 15.347000000000003,
    "medianResTime" : 15.0,
    "minResTime" : 10.0,
    "maxResTime" : 98.0,
    "pct1ResTime" : 20.0,
    "pct2ResTime" : 23.0,
    "pct3ResTime" : 31.99000000000001,
    "throughput" : 170.41581458759373,
    "receivedKBytesPerSec" : 236.73693989114687,
    "sentKBytesPerSec" : 28.291687968643487
  },
  "HTTP Request - GET todos/2" : {
    "transaction" : "HTTP Request - GET todos/2",
    "sampleCount" : 2000,
    "errorCount" : 0,
    "errorPct" : 0.0,
    "meanResTime" : 15.63899999999999,
    "medianResTime" : 15.0,
    "minResTime" : 11.0,
    "maxResTime" : 40.0,
    "pct1ResTime" : 20.0,
    "pct2ResTime" : 23.0,
    "pct3ResTime" : 29.99000000000001,
    "throughput" : 170.56114617090225,
    "receivedKBytesPerSec" : 239.43470306370457,
    "sentKBytesPerSec" : 28.315815282278695
  },
  "HTTP Request - GET todos/1" : {
    "transaction" : "HTTP Request - GET todos/1",
    "sampleCount" : 2000,
    "errorCount" : 0,
    "errorPct" : 0.0,
    "meanResTime" : 16.50450000000005,
    "medianResTime" : 15.0,
    "minResTime" : 10.0,
    "maxResTime" : 623.0,
    "pct1ResTime" : 21.0,
    "pct2ResTime" : 24.0,
    "pct3ResTime" : 40.0,
    "throughput" : 162.21915808256958,
    "receivedKBytesPerSec" : 224.55210720151675,
    "sentKBytesPerSec" : 26.930914916051584
  },
  "Total" : {
    "transaction" : "Total",
    "sampleCount" : 6000,
    "errorCount" : 0,
    "errorPct" : 0.0,
    "meanResTime" : 15.830166666666669,
    "medianResTime" : 15.0,
    "minResTime" : 10.0,
    "maxResTime" : 623.0,
    "pct1ResTime" : 20.0,
    "pct2ResTime" : 23.0,
    "pct3ResTime" : 33.0,
    "throughput" : 484.7309743092584,
    "receivedKBytesPerSec" : 674.9441738871385,
    "sentKBytesPerSec" : 80.47291565681047
  }
}