{
  "HTTP Request - GET todos/3" : {
    "transaction" : "HTTP Request - GET todos/3",
    "sampleCount" : 2000,
    "errorCount" : 0,
    "errorPct" : 0.0,
    "meanResTime" : 11.521500000000009,
    "medianResTime" : 11.0,
    "minResTime" : 6.0,
    "maxResTime" : 64.0,
    "pct1ResTime" : 15.0,
    "pct2ResTime" : 18.0,
    "pct3ResTime" : 25.0,
    "throughput" : 222.51891410769917,
    "receivedKBytesPerSec" : 309.0338984966066,
    "sentKBytesPerSec" : 36.941616599910994
  },
  "HTTP Request - GET todos/2" : {
    "transaction" : "HTTP Request - GET todos/2",
    "sampleCount" : 2000,
    "errorCount" : 0,
    "errorPct" : 0.0,
    "meanResTime" : 11.916999999999993,
    "medianResTime" : 11.0,
    "minResTime" : 6.0,
    "maxResTime" : 55.0,
    "pct1ResTime" : 16.0,
    "pct2ResTime" : 19.0,
    "pct3ResTime" : 28.0,
    "throughput" : 222.4941595283124,
    "receivedKBytesPerSec" : 312.25088910752027,
    "sentKBytesPerSec" : 36.937506952942485
  },
  "HTTP Request - GET todos/1" : {
    "transaction" : "HTTP Request - GET todos/1",
    "sampleCount" : 2000,
    "errorCount" : 0,
    "errorPct" : 0.0,
    "meanResTime" : 11.762999999999993,
    "medianResTime" : 10.5,
    "minResTime" : 5.0,
    "maxResTime" : 332.0,
    "pct1ResTime" : 15.0,
    "pct2ResTime" : 18.0,
    "pct3ResTime" : 28.0,
    "throughput" : 214.7766323024055,
    "receivedKBytesPerSec" : 297.22159998523415,
    "sentKBytesPerSec" : 35.65627684707904
  },
  "Total" : {
    "transaction" : "Total",
    "sampleCount" : 6000,
    "errorCount" : 0,
    "errorPct" : 0.0,
    "meanResTime" : 11.733833333333289,
    "medianResTime" : 11.0,
    "minResTime" : 5.0,
    "maxResTime" : 332.0,
    "pct1ResTime" : 15.0,
    "pct2ResTime" : 18.0,
    "pct3ResTime" : 27.0,
    "throughput" : 642.7423674343868,
    "receivedKBytesPerSec" : 894.7131720340117,
    "sentKBytesPerSec" : 106.70527584359935
  }
}