{
  "HTTP Request - GET todos/3" : {
    "transaction" : "HTTP Request - GET todos/3",
    "sampleCount" : 2000,
    "errorCount" : 0,
    "errorPct" : 0.0,
    "meanResTime" : 10.991500000000002,
    "medianResTime" : 10.0,
    "minResTime" : 6.0,
    "maxResTime" : 236.0,
    "pct1ResTime" : 14.0,
    "pct2ResTime" : 16.0,
    "pct3ResTime" : 24.0,
    "throughput" : 264.7253474520185,
    "receivedKBytesPerSec" : 366.9188968398412,
    "sentKBytesPerSec" : 43.94854401058902
  },
  "HTTP Request - GET todos/2" : {
    "transaction" : "HTTP Request - GET todos/2",
    "sampleCount" : 2000,
    "errorCount" : 0,
    "errorPct" : 0.0,
    "meanResTime" : 10.896499999999998,
    "medianResTime" : 10.0,
    "minResTime" : 5.0,
    "maxResTime" : 54.0,
    "pct1ResTime" : 14.0,
    "pct2ResTime" : 17.0,
    "pct3ResTime" : 24.0,
    "throughput" : 264.90066225165566,
    "receivedKBytesPerSec" : 371.55564466059604,
    "sentKBytesPerSec" : 43.97764900662252
  },
  "HTTP Request - GET todos/1" : {
    "transaction" : "HTTP Request - GET todos/1",
    "sampleCount" : 2000,
    "errorCount" : 0,
    "errorPct" : 0.0,
    "meanResTime" : 14.25,
    "medianResTime" : 10.0,
    "minResTime" : 6.0,
    "maxResTime" : 1422.0,
    "pct1ResTime" : 15.0,
    "pct2ResTime" : 18.0,
    "pct3ResTime" : 27.99000000000001,
    "throughput" : 223.11468094600625,
    "receivedKBytesPerSec" : 309.0147046519411,
    "sentKBytesPerSec" : 37.04052320392682
  },
  "Total" : {
    "transaction" : "Total",
    "sampleCount" : 6000,
    "errorCount" : 0,
    "errorPct" : 0.0,
    "meanResTime" : 12.045999999999951,
    "medianResTime" : 10.0,
    "minResTime" : 5.0,
    "maxResTime" : 1422.0,
    "pct1ResTime" : 14.0,
    "pct2ResTime" : 17.0,
    "pct3ResTime" : 24.0,
    "throughput" : 667.2597864768684,
    "receivedKBytesPerSec" : 928.3057379128669,
    "sentKBytesPerSec" : 110.77555048932383
  }
}