{
  "HTTP Request - GET todos/3" : {
    "transaction" : "HTTP Request - GET todos/3",
    "sampleCount" : 2000,
    "errorCount" : 0,
    "errorPct" : 0.0,
    "meanResTime" : 12.302000000000001,
    "medianResTime" : 11.0,
    "minResTime" : 6.0,
    "maxResTime" : 69.0,
    "pct1ResTime" : 16.0,
    "pct2ResTime" : 19.0,
    "pct3ResTime" : 28.0,
    "throughput" : 208.52882911062454,
    "receivedKBytesPerSec" : 288.82393405927434,
    "sentKBytesPerSec" : 34.61904389531853
  },
  "HTTP Request - GET todos/2" : {
    "transaction" : "HTTP Request - GET todos/2",
    "sampleCount" : 2000,
    "errorCount" : 0,
    "errorPct" : 0.0,
    "meanResTime" : 12.402999999999997,
    "medianResTime" : 11.0,
    "minResTime" : 6.0,
    "maxResTime" : 60.0,
    "pct1ResTime" : 16.0,
    "pct2ResTime" : 19.0,
    "pct3ResTime" : 26.99000000000001,
    "throughput" : 208.52882911062454,
    "receivedKBytesPerSec" : 292.89136625482223,
    "sentKBytesPerSec" : 34.61904389531853
  },
  "HTTP Request - GET todos/1" : {
    "transaction" : "HTTP Request - GET todos/1",
    "sampleCount" : 2000,
    "errorCount" : 0,
    "errorPct" : 0.0,
    "meanResTime" : 12.786500000000004,
    "medianResTime" : 12.0,
    "minResTime" : 6.0,
    "maxResTime" : 349.0,
    "pct1ResTime" : 16.0,
    "pct2ResTime" : 19.0,
    "pct3ResTime" : 27.99000000000001,
    "throughput" : 201.4098690835851,
    "receivedKBytesPerSec" : 278.9534554380665,
    "sentKBytesPerSec" : 33.43718529707956
  },
  "Total" : {
    "transaction" : "Total",
    "sampleCount" : 6000,
    "errorCount" : 0,
    "errorPct" : 0.0,
    "meanResTime" : 12.497166666666626,
    "medianResTime" : 11.0,
    "minResTime" : 6.0,
    "maxResTime" : 349.0,
    "pct1ResTime" : 16.0,
    "pct2ResTime" : 19.0,
    "pct3ResTime" : 27.0,
    "throughput" : 602.7122049221497,
    "receivedKBytesPerSec" : 838.6980670831241,
    "sentKBytesPerSec" : 100.05964339527875
  }
}