{
  "HTTP Request - GET todos/3" : {
    "transaction" : "HTTP Request - GET todos/3",
    "sampleCount" : 2000,
    "errorCount" : 0,
    "errorPct" : 0.0,
    "meanResTime" : 13.724999999999984,
    "medianResTime" : 13.0,
    "minResTime" : 7.0,
    "maxResTime" : 67.0,
    "pct1ResTime" : 18.0,
    "pct2ResTime" : 21.0,
    "pct3ResTime" : 28.0,
    "throughput" : 199.40179461615153,
    "receivedKBytesPerSec" : 276.3934758225324,
    "sentKBytesPerSec" : 33.103813559322035
  },
  "HTTP Request - GET todos/2" : {
    "transaction" : "HTTP Request - GET todos/2",
    "sampleCount" : 2000,
    "errorCount" : 0,
    "errorPct" : 0.0,
    "meanResTime" : 13.58000000000001,
    "medianResTime" : 13.0,
    "minResTime" : 7.0,
    "maxResTime" : 52.0,
    "pct1ResTime" : 18.0,
    "pct2ResTime" : 21.0,
    "pct3ResTime" : 26.99000000000001,
    "throughput" : 199.40179461615153,
    "receivedKBytesPerSec" : 279.1137330196909,
    "sentKBytesPerSec" : 33.103813559322035
  },
  "HTTP Request - GET todos/1" : {
    "transaction" : "HTTP Request - GET todos/1",
    "sampleCount" : 2000,
    "errorCount" : 0,
    "errorPct" : 0.0,
    "meanResTime" : 15.902999999999963,
    "medianResTime" : 13.0,
    "minResTime" : 7.0,
    "maxResTime" : 1131.0,
    "pct1ResTime" : 18.0,
    "pct2ResTime" : 21.0,
    "pct3ResTime" : 32.0,
    "throughput" : 179.43656917279742,
    "receivedKBytesPerSec" : 250.6378409294814,
    "sentKBytesPerSec" : 29.789274179077694
  },
  "Total" : {
    "transaction" : "Total",
    "sampleCount" : 6000,
    "errorCount" : 0,
    "errorPct" : 0.0,
    "meanResTime" : 14.40266666666667,
    "medianResTime" : 13.0,
    "minResTime" : 7.0,
    "maxResTime" : 1131.0,
    "pct1ResTime" : 18.0,
    "pct2ResTime" : 21.0,
    "pct3ResTime" : 28.0,
    "throughput" : 537.0088606462007,
    "receivedKBytesPerSec" : 748.710881561577,
    "sentKBytesPerSec" : 89.15186163071691
  }
}