{
  "HTTP Request - GET todos/3" : {
    "transaction" : "HTTP Request - GET todos/3",
    "sampleCount" : 2000,
    "errorCount" : 0,
    "errorPct" : 0.0,
    "meanResTime" : 12.781000000000006,
    "medianResTime" : 12.0,
    "minResTime" : 7.0,
    "maxResTime" : 61.0,
    "pct1ResTime" : 17.0,
    "pct2ResTime" : 20.0,
    "pct3ResTime" : 27.99000000000001,
    "throughput" : 195.38882375928097,
    "receivedKBytesPerSec" : 270.8397254481731,
    "sentKBytesPerSec" : 32.43759769441188
  },
  "HTTP Request - GET todos/2" : {
    "transaction" : "HTTP Request - GET todos/2",
    "sampleCount" : 2000,
    "errorCount" : 0,
    "errorPct" : 0.0,
    "meanResTime" : 12.60700000000001,
    "medianResTime" : 12.0,
    "minResTime" : 7.0,
    "maxResTime" : 47.0,
    "pct1ResTime" : 17.0,
    "pct2ResTime" : 20.0,
    "pct3ResTime" : 26.99000000000001,
    "throughput" : 195.42700801250734,
    "receivedKBytesPerSec" : 273.55916476328906,
    "sentKBytesPerSec" : 32.44393687707641
  },
  "HTTP Request - GET todos/1" : {
    "transaction" : "HTTP Request - GET todos/1",
    "sampleCount" : 2000,
    "errorCount" : 0,
    "errorPct" : 0.0,
    "meanResTime" : 13.128500000000024,
    "medianResTime" : 12.0,
    "minResTime" : 7.0,
    "maxResTime" : 400.0,
    "pct1ResTime" : 17.0,
    "pct2ResTime" : 20.0,
    "pct3ResTime" : 32.99000000000001,
    "throughput" : 188.35938971557732,
    "receivedKBytesPerSec" : 263.1104757251836,
    "sentKBytesPerSec" : 31.27060180825014
  },
  "Total" : {
    "transaction" : "Total",
    "sampleCount" : 6000,
    "errorCount" : 0,
    "errorPct" : 0.0,
    "meanResTime" : 12.8388333333334,
    "medianResTime" : 12.0,
    "minResTime" : 7.0,
    "maxResTime" : 400.0,
    "pct1ResTime" : 17.0,
    "pct2ResTime" : 20.0,
    "pct3ResTime" : 29.0,
    "throughput" : 563.7508221366156,
    "receivedKBytesPerSec" : 786.0215120854082,
    "sentKBytesPerSec" : 93.59144508127407
  }
}