{
  "HTTP Request - GET todos/3" : {
    "transaction" : "HTTP Request - GET todos/3",
    "sampleCount" : 20000,
    "errorCount" : 0,
    "errorPct" : 0.0,
    "meanResTime" : 11.595399999999987,
    "medianResTime" : 11.0,
    "minResTime" : 5.0,
    "maxResTime" : 87.0,
    "pct1ResTime" : 15.0,
    "pct2ResTime" : 18.0,
    "pct3ResTime" : 26.0,
    "throughput" : 259.9292992306093,
    "receivedKBytesPerSec" : 360.7789608960738,
    "sentKBytesPerSec" : 43.152325067581614
  },
  "HTTP Request - GET todos/2" : {
    "transaction" : "HTTP Request - GET todos/2",
    "sampleCount" : 20000,
    "errorCount" : 0,
    "errorPct" : 0.0,
    "meanResTime" : 11.599100000000057,
    "medianResTime" : 11.0,
    "minResTime" : 5.0,
    "maxResTime" : 289.0,
    "pct1ResTime" : 15.0,
    "pct2ResTime" : 18.0,
    "pct3ResTime" : 26.0,
    "throughput" : 259.9225430821615,
    "receivedKBytesPerSec" : 365.3373540778598,
    "sentKBytesPerSec" : 43.15120344137447
  },
  "HTTP Request - GET todos/1" : {
    "transaction" : "HTTP Request - GET todos/1",
    "sampleCount" : 20000,
    "errorCount" : 0,
    "errorPct" : 0.0,
    "meanResTime" : 11.676100000000023,
    "medianResTime" : 11.0,
    "minResTime" : 5.0,
    "maxResTime" : 298.0,
    "pct1ResTime" : 15.0,
    "pct2ResTime" : 18.0,
    "pct3ResTime" : 27.0,
    "throughput" : 258.95331071807755,
    "receivedKBytesPerSec" : 359.1707581626939,
    "sentKBytesPerSec" : 42.99029572468084
  },
  "Total" : {
    "transaction" : "Total",
    "sampleCount" : 60000,
    "errorCount" : 0,
    "errorPct" : 0.0,
    "meanResTime" : 11.62353333333338,
    "medianResTime" : 11.0,
    "minResTime" : 5.0,
    "maxResTime" : 298.0,
    "pct1ResTime" : 16.0,
    "pct2ResTime" : 18.0,
    "pct3ResTime" : 26.0,
    "throughput" : 776.6186026042611,
    "receivedKBytesPerSec" : 1082.2337977944032,
    "sentKBytesPerSec" : 128.93082269797304
  }
}