{
  "HTTP Request - GET todos/3" : {
    "transaction" : "HTTP Request - GET todos/3",
    "sampleCount" : 2000,
    "errorCount" : 0,
    "errorPct" : 0.0,
    "meanResTime" : 10.48300000000002,
    "medianResTime" : 10.0,
    "minResTime" : 6.0,
    "maxResTime" : 45.0,
    "pct1ResTime" : 15.0,
    "pct2ResTime" : 17.0,
    "pct3ResTime" : 22.0,
    "throughput" : 242.5712553062462,
    "receivedKBytesPerSec" : 336.6527772513645,
    "sentKBytesPerSec" : 40.27061855670104
  },
  "HTTP Request - GET todos/2" : {
    "transaction" : "HTTP Request - GET todos/2",
    "sampleCount" : 2000,
    "errorCount" : 0,
    "errorPct" : 0.0,
    "meanResTime" : 10.882499999999984,
    "medianResTime" : 10.0,
    "minResTime" : 6.0,
    "maxResTime" : 39.0,
    "pct1ResTime" : 15.0,
    "pct2ResTime" : 17.0,
    "pct3ResTime" : 24.0,
    "throughput" : 242.51242876197404,
    "receivedKBytesPerSec" : 340.5846680990057,
    "sentKBytesPerSec" : 40.2608524311871
  },
  "HTTP Request - GET todos/1" : {
    "transaction" : "HTTP Request - GET todos/1",
    "sampleCount" : 2000,
    "errorCount" : 0,
    "errorPct" : 0.0,
    "meanResTime" : 10.923500000000011,
    "medianResTime" : 10.0,
    "minResTime" : 5.0,
    "maxResTime" : 399.0,
    "pct1ResTime" : 15.0,
    "pct2ResTime" : 18.0,
    "pct3ResTime" : 27.99000000000001,
    "throughput" : 231.5618849137432,
    "receivedKBytesPerSec" : 320.45462562955885,
    "sentKBytesPerSec" : 38.44289105013315
  },
  "Total" : {
    "transaction" : "Total",
    "sampleCount" : 6000,
    "errorCount" : 0,
    "errorPct" : 0.0,
    "meanResTime" : 10.76299999999999,
    "medianResTime" : 10.0,
    "minResTime" : 5.0,
    "maxResTime" : 399.0,
    "pct1ResTime" : 15.0,
    "pct2ResTime" : 17.0,
    "pct3ResTime" : 25.0,
    "throughput" : 692.9206605843631,
    "receivedKBytesPerSec" : 964.5767996087885,
    "sentKBytesPerSec" : 115.0356565423259
  }
}